transaction_id,date,branch_id,customer_name,product_id,price,discount_percentage,rating
TRX5103706,25/08/2021,93529,Derrick Wright III,KF116,251700,"0,1",3
TRX5388139,29/12/2020,24832,Elizabeth Ramos,KF116,251700,"0,12",3
TRX7251897,03/02/2020,20505,Meghan Warner,KF116,251700,"0,09",3
TRX4943675,09/09/2022,17678,Steven Roberts,KF116,251700,"0,1",3
TRX3469820,20/06/2020,28315,Linda Bruce DDS,KF116,251700,"0,07",3
TRX1213133,17/09/2021,22280,Cory Castro,KF116,251700,"0,11",3
TRX2020131,16/12/2020,40028,Stephanie Boone,KF116,251700,"0,03",3
TRX5015870,17/08/2022,41343,Mary Hughes,KF116,251700,"0,03",3
TRX7064077,21/06/2021,86546,Tamara Bruce,KF116,251700,"0,04",3
TRX5979742,31/12/2020,18235,Aaron Reed,KF116,251700,"0,11",3
TRX2209141,20/03/2021,59571,Nancy Kennedy,KF116,251700,"0,1",3
TRX5385534,17/03/2023,69280,Paul Morales,KF116,251700,"0,11",3
TRX9155202,11/04/2020,29626,Stephen Jones,KF116,251700,"0,02",3
TRX1702542,15/09/2022,48590,Zachary White,KF116,251700,"0,12",3
TRX8205780,19/10/2022,37915,Jennifer Larsen,KF116,251700,"0,13",3
TRX3208671,20/12/2023,66935,Michael Mccoy,KF116,251700,"0,05",3
TRX2085415,11/02/2022,17678,Anthony Rice,KF116,251700,"0,07",3
TRX1384968,01/07/2020,33691,Marissa Patterson,KF116,251700,"0,03",3
TRX7358419,19/01/2020,19224,James Sanchez,KF116,251700,"0,15",3
TRX5628390,15/01/2021,58219,Jennifer Oliver,KF116,251700,"0,13",3
TRX6463209,13/03/2021,96558,Lisa Rosales,KF116,251700,"0,08",3
TRX1588524,06/03/2023,20554,Erin Villanueva,KF116,251700,"0,06",3
TRX6976260,23/06/2022,73596,Lori Parks,KF116,251700,"0,09",3
TRX7535559,20/11/2021,18250,Monique Griffith,KF116,251700,"0,08",3
TRX4712362,19/02/2023,60936,Mr. Timothy Turner,KF116,251700,"0,15",3
TRX5721137,09/08/2020,54078,Joshua Santiago,KF116,251700,"0,12",3
TRX1101446,02/07/2022,28211,Richard Suarez,KF116,251700,"0,14",3
TRX7849350,22/01/2022,92115,Brian Vaughn,KF116,251700,"0,04",3
TRX3976120,20/12/2021,84382,Scott Hudson,KF116,251700,"0,05",3
TRX9210209,11/07/2020,86237,Daniel Alexander,KF116,251700,0,3
TRX3803949,20/12/2022,99291,Allen Clark,KF116,251700,"0,08",3
TRX7305749,28/11/2020,67118,Jill Haas,KF116,251700,"0,01",3
TRX3677605,22/01/2021,20339,Maureen Berry,KF116,251700,"0,02",3
TRX5092991,27/09/2020,37131,Ryan Lara,KF116,251700,"0,06",3
TRX9849272,04/04/2022,94975,Glenn Logan,KF116,251700,"0,07",3
TRX8756950,27/10/2020,16185,Adam Smith,KF116,251700,"0,04",3
TRX9681018,07/11/2022,14495,Lori Raymond,KF116,251700,"0,01",3
TRX6394468,08/07/2021,19393,Jake Cruz,KF116,251700,"0,01",3
TRX4295475,04/04/2022,28703,Anna Day,KF116,251700,"0,09",3
TRX9707876,13/10/2023,66935,Sarah Russell,KF116,251700,"0,07",3
TRX9873499,11/02/2022,62312,Jessica Rosales,KF116,251700,"0,13",3
TRX1805291,18/07/2022,33104,Robin Day,KF116,251700,"0,1",3
TRX4632927,22/03/2022,29294,Mark Bishop,KF116,251700,"0,12",3
TRX2525529,27/02/2023,45521,Stephanie Vargas,KF116,251700,"0,01",3
TRX8385029,24/04/2021,84760,Stephanie Pacheco,KF116,251700,"0,1",3
TRX3595943,12/08/2021,66961,Penny Webb,KF116,251700,"0,15",3
TRX4499981,15/04/2022,24277,Roberto Scott,KF116,251700,"0,15",3
TRX7074067,11/12/2020,43992,George Madden,KF116,251700,"0,1",3
TRX7068406,22/10/2020,52192,Jason Robertson,KF116,251700,"0,14",3
TRX8802591,23/04/2020,51033,Natasha Santiago,KF116,251700,"0,04",3
TRX8300772,15/04/2021,78794,Joshua Brown,KF116,251700,"0,03",3
TRX3879480,21/08/2023,61185,Jason Russell,KF116,251700,"0,09",3
TRX4476182,01/09/2022,98748,Michael Reynolds,KF116,251700,"0,12",3
TRX8104766,02/11/2021,13883,Mitchell Murphy,KF116,251700,"0,07",3
TRX7694649,18/11/2020,69273,Jose Pearson,KF116,251700,"0,11",3
TRX2225655,02/03/2023,41701,Erin Bush,KF116,251700,"0,08",3
TRX9018875,30/09/2021,26671,Tracy Jenkins,KF116,251700,"0,09",3
TRX9493388,20/02/2023,31737,Miguel Galloway,KF116,251700,"0,04",3
TRX5755039,31/07/2022,12707,Renee West,KF116,251700,"0,05",3
TRX6268119,22/05/2023,91361,Robert White,KF116,251700,"0,09",3
TRX5171418,17/04/2020,60964,Deanna Wright,KF116,251700,"0,15",3
TRX9765032,04/07/2020,85753,Matthew Carroll,KF116,251700,"0,06",3
TRX2402291,02/01/2022,32224,Leah Preston,KF116,251700,"0,09",3
TRX7724468,10/03/2023,70985,Bryan Cross,KF116,251700,"0,05",3
TRX5672738,13/10/2023,85716,Dawn Brewer,KF116,251700,"0,07",3
TRX4038081,13/06/2020,17602,Keith Nguyen,KF116,251700,"0,03",3
TRX8869596,05/12/2022,13307,David Fisher,KF116,251700,"0,12",3
TRX4334717,26/04/2020,94558,Jeffery Thomas,KF116,251700,"0,11",3
TRX2478695,06/08/2022,90221,Brian Hunter,KF116,251700,"0,14",3
TRX3480704,19/12/2022,68894,Jeffrey Mason,KF116,251700,"0,05",3
TRX5936076,01/08/2023,92922,Katherine Jackson,KF116,251700,"0,14",3
TRX6060244,21/06/2020,93401,Jennifer Olson,KF116,251700,"0,04",3
TRX5874229,28/06/2023,92475,Alan Burke MD,KF116,251700,"0,12",3
TRX8226393,05/03/2023,39160,Richard Dawson,KF116,251700,"0,1",3
TRX2150624,26/08/2020,16013,David Serrano,KF116,251700,"0,01",3
TRX7553024,09/11/2020,21680,Jo Perez,KF116,251700,"0,09",3
TRX3926453,15/02/2022,34393,Kara Hall,KF116,251700,"0,01",3
TRX1793777,23/02/2021,14845,Steven Conrad,KF116,251700,"0,1",3
TRX6253266,26/01/2023,21754,Allison Patterson,KF116,251700,"0,06",3
TRX3427025,21/08/2022,51314,Michael Mcdonald,KF116,251700,"0,09",3
TRX5236759,07/07/2023,17254,Brenda Warren,KF116,251700,"0,13",3
TRX6143612,10/05/2020,91100,Kaylee Velazquez,KF116,251700,"0,05",3
TRX5204208,17/01/2022,53167,Jeffrey Jimenez,KF116,251700,"0,08",3
TRX7736375,14/07/2022,53629,Jason Jenkins,KF116,251700,"0,13",3
TRX8714012,16/03/2021,13782,Marilyn Williams DDS,KF116,251700,"0,11",3
TRX8181261,05/04/2022,83839,Katelyn Parks,KF116,251700,"0,02",3
TRX8835408,01/07/2021,78874,Felicia Jordan,KF116,251700,"0,06",3
TRX1213206,21/12/2022,98443,Marcia Smith,KF116,251700,"0,01",3
TRX6186466,25/04/2023,57142,Victoria Marsh,KF116,251700,"0,12",3
TRX6815036,08/08/2022,90608,Michael Williams,KF116,251700,"0,12",3
TRX9366634,13/12/2022,68853,Kathleen Harrington,KF116,251700,"0,06",3
TRX2394957,17/01/2020,39160,Patricia Horne,KF116,251700,"0,12",3
TRX9321614,17/09/2023,62707,Lindsay Elliott,KF116,251700,"0,11",3
TRX9754071,09/06/2022,16013,Travis Johnson,KF116,251700,"0,05",3
TRX6648577,31/08/2023,29294,Kim Campbell,KF116,251700,"0,13",3
TRX9691767,13/05/2020,24223,Timothy Hunt,KF116,251700,"0,15",3
TRX4027238,12/03/2023,64359,Reginald Arnold,KF116,251700,"0,02",3
TRX3167285,26/07/2022,89035,James Williams,KF116,251700,"0,15",3
TRX5971792,05/04/2020,56376,John Fitzpatrick,KF116,251700,"0,04",3
TRX3462587,02/02/2022,34888,Terri Stephenson,KF116,251700,"0,07",3
TRX3061818,09/04/2020,73978,Sandra Joseph,KF116,251700,"0,06",3
TRX6917188,07/03/2023,99984,Kimberly Jackson,KF116,251700,"0,14",3
TRX7858984,29/10/2021,23824,Brandon Nguyen,KF116,251700,"0,06",3
TRX4287737,16/11/2020,26315,Sandra Lester,KF116,251700,"0,05",3
TRX5341035,14/05/2022,73855,Ronald Rodriguez,KF116,251700,"0,03",3
TRX2705677,30/06/2023,52767,Kurt Smith,KF116,251700,"0,01",3
TRX9698518,27/08/2023,52192,Christopher Hansen,KF116,251700,"0,04",3
TRX8020789,27/11/2022,66608,Beth Chandler,KF116,251700,"0,13",3
TRX4408045,17/02/2023,17543,Holly Cortez,KF116,251700,"0,03",3
TRX5505524,22/03/2021,37838,Dr. Kathy Miller,KF116,251700,"0,03",3
TRX9964303,03/03/2023,16527,Carlos Garza,KF116,251700,"0,15",3
TRX7314548,30/10/2023,99730,Christine Cook,KF116,251700,0,3
TRX8648525,19/08/2020,30291,Scott Ramirez,KF116,251700,"0,15",3
TRX3518177,25/11/2021,94478,Pamela Davis,KF116,251700,"0,07",3
TRX2615193,08/12/2022,86997,Jose Torres,KF116,251700,"0,14",3
TRX4965812,18/07/2023,99064,Lauren Rangel,KF116,251700,"0,01",3
TRX7181035,01/01/2021,90897,Melissa Maldonado,KF116,251700,"0,04",3
TRX8061688,04/06/2023,37402,Monica Hamilton,KF116,251700,"0,08",3
TRX2060334,13/04/2023,17567,Thomas Chen,KF116,251700,"0,09",3
TRX4328671,08/11/2021,13483,Jason Erickson,KF116,251700,"0,1",3
TRX7745648,16/09/2022,98345,Gerald Brewer,KF116,251700,"0,02",3
TRX2573282,07/12/2020,69823,Jesse Anderson,KF132,6400,"0,06",3
TRX5185611,07/09/2022,55402,Christina Lang,KF132,6400,"0,11",3
TRX9301167,18/10/2022,93763,Tracy Taylor,KF132,6400,"0,11",3
TRX7040548,12/09/2023,81451,Stephanie Fleming,KF132,6400,"0,03",3
TRX3664112,28/01/2023,84834,Dennis Watts,KF132,6400,"0,05",3
TRX7107036,03/10/2022,56257,Alejandra Bender,KF132,6400,"0,14",3
TRX7763090,19/02/2022,93689,Jeremy Rodriguez,KF132,6400,"0,02",3
TRX3201888,28/05/2022,49403,Michael Newman,KF132,6400,"0,08",3
TRX9042041,13/03/2023,91503,Regina Roberts,KF132,6400,"0,15",3
TRX8442400,14/07/2021,49902,Thomas Gilbert,KF132,6400,"0,15",3
TRX7830103,07/10/2021,61064,Leonard Warner,KF132,6400,"0,12",3
TRX5764596,14/09/2021,80525,Jacob Carter,KF132,6400,"0,06",3
TRX1929573,10/05/2021,87583,Jared Cordova,KF132,6400,"0,02",3
TRX9689394,24/05/2022,31737,Jessica Lawrence,KF132,6400,"0,09",3
TRX2046425,08/06/2023,41375,Shannon Baker,KF132,6400,"0,07",3
TRX9747893,31/10/2022,96742,Dean Sloan,KF132,6400,"0,08",3
TRX4029745,23/05/2021,86546,Ashley Hall MD,KF132,6400,"0,02",3
TRX6949500,25/05/2020,16033,Johnny Hancock,KF132,6400,"0,03",3
TRX8245855,05/05/2023,31337,John Johnson,KF132,6400,"0,04",3
TRX4720502,04/05/2022,42753,Crystal Kelley,KF132,6400,"0,06",3
TRX6958325,13/04/2023,59955,Brad Mendoza,KF132,6400,"0,06",3
TRX3922671,19/02/2023,64436,Douglas Townsend,KF132,6400,"0,08",3
TRX4328538,04/07/2020,46337,Daniel Johnson,KF132,6400,"0,01",3
TRX6509016,19/12/2023,53822,Mrs. Dawn Finley,KF132,6400,"0,12",3
TRX6743681,10/12/2023,42584,Blake Lopez,KF132,6400,"0,01",3
TRX4873570,11/02/2020,39326,Robert Sharp,KF132,6400,"0,05",3
TRX3660001,10/03/2023,27840,Mr. Christopher Bailey,KF132,6400,"0,15",3
TRX2573930,24/01/2020,30563,Nicholas Willis,KF132,6400,0,3
TRX5846269,26/03/2021,48635,Joseph Valdez,KF132,6400,"0,1",3
TRX5022623,07/06/2020,13262,Jason Melton,KF132,6400,"0,1",3
TRX2070507,16/03/2020,25069,Karen Shaw,KF132,6400,"0,06",3
TRX2016957,02/10/2022,15338,Alisha Collins,KF132,6400,"0,13",3
TRX1081072,06/11/2020,41125,Jose Dixon,KF132,6400,"0,09",3
TRX5129760,04/04/2022,36412,John Schultz,KF132,6400,"0,1",3
TRX8523582,15/08/2020,53876,Melissa Gross,KF132,6400,"0,09",3
TRX3033289,06/02/2022,96005,Mercedes Collins,KF132,6400,"0,1",3
TRX7867555,30/10/2021,98676,Vanessa Thomas,KF132,6400,"0,14",3
TRX9645209,11/09/2020,13262,Nicholas Reed,KF132,6400,"0,01",3
TRX5587971,09/10/2020,76684,Jonathan Payne,KF132,6400,0,3
TRX2098965,02/02/2023,63163,Ashley Daniel,KF132,6400,"0,08",3
TRX2322811,08/05/2020,39388,Stacy Smith,KF132,6400,"0,02",3
TRX7457059,09/03/2021,23909,Carla Duran,KF132,6400,"0,13",3
TRX1533830,06/11/2020,66139,Rachel Jones,KF132,6400,"0,04",3
TRX5942488,27/12/2023,59413,Louis Jimenez,KF132,6400,"0,06",3
TRX7470772,17/05/2021,26059,Jade Smith,KF132,6400,"0,09",3
TRX7610901,17/11/2023,19033,Ryan Rodriguez,KF132,6400,"0,02",3
TRX9255781,31/03/2023,25876,Peter Henderson,KF132,6400,"0,04",3
TRX8700558,04/03/2020,95541,Dalton Mcdonald,KF132,6400,"0,14",3
TRX5058100,14/06/2023,26394,Victoria Sparks,KF132,6400,"0,04",3
TRX1886193,17/05/2023,53421,Ruben Obrien,KF132,6400,"0,04",3
TRX9259779,25/11/2022,78882,Frederick Davis,KF132,6400,"0,13",3
TRX5850786,02/09/2020,21410,Cheryl Goodman,KF132,6400,"0,06",3
TRX9913608,04/07/2023,98055,Rachel Hernandez,KF132,6400,"0,01",3
TRX1682016,28/09/2020,34519,Anna Garcia,KF132,6400,"0,05",3
TRX4695204,10/11/2022,28215,Deborah Greene,KF132,6400,"0,03",3
TRX1650033,05/02/2020,68616,Renee Zuniga,KF132,6400,"0,05",3
TRX4888115,18/05/2020,56801,Alexander Levy,KF132,6400,"0,13",3
TRX8219128,06/08/2021,63411,William Merritt,KF132,6400,"0,12",3
TRX6156866,25/10/2021,40344,Katie Downs,KF132,6400,"0,09",3
TRX5739212,06/01/2023,53877,Erin George,KF132,6400,"0,14",3
TRX9938138,24/03/2022,45962,Victoria Evans,KF132,6400,"0,04",3
TRX8100797,12/12/2022,88089,Michael Sanchez,KF132,6400,"0,01",3
TRX2155530,05/03/2021,83048,Kristy Merritt,KF132,6400,"0,12",3
TRX4868824,16/06/2022,18280,Margaret Richardson,KF132,6400,"0,15",3
TRX8146062,12/12/2023,71859,Logan Miller,KF132,6400,"0,06",3
TRX1235478,01/01/2021,88378,Laura Wright,KF132,6400,"0,08",3
TRX9838975,09/03/2020,21060,Kenneth Kidd,KF132,6400,"0,15",3
TRX6225024,26/01/2022,80892,Christine Nielsen,KF132,6400,"0,07",3
TRX7182590,01/12/2022,66593,Garrett Palmer,KF132,6400,"0,03",3
TRX6877722,01/09/2021,26125,Cory Bennett,KF132,6400,"0,05",3
TRX7503911,30/10/2020,37402,Dr. Janet Dalton,KF132,6400,"0,04",3
TRX3330842,19/09/2023,37012,Tiffany Turner,KF132,6400,"0,07",3
TRX8998456,24/06/2020,60201,David Reed,KF132,6400,"0,09",3
TRX9595442,22/11/2021,81810,Brittany Hubbard,KF132,6400,"0,13",3
TRX8570486,15/05/2022,66939,Joseph Oliver,KF132,6400,"0,04",3
TRX3174156,30/10/2020,73008,Dawn Hayes,KF132,6400,"0,08",3
TRX7030319,30/05/2022,33796,Alicia Robertson,KF132,6400,"0,13",3
TRX4704926,01/08/2020,93864,Arthur Hopkins,KF132,6400,"0,09",3
TRX9992022,21/11/2022,95541,Jay Young,KF132,6400,"0,07",3
TRX1664365,22/01/2023,62756,Stephanie Brown,KF132,6400,"0,05",3
TRX8250295,09/10/2021,51338,Jeffery Sanchez,KF132,6400,"0,04",3
TRX6839332,06/08/2020,63116,Tami Fleming,KF132,6400,"0,15",3
TRX4410851,29/12/2020,94264,Carly Schneider,KF132,6400,"0,05",3
TRX8592503,12/09/2022,46485,Stephanie Hill,KF132,6400,"0,06",3
TRX9431334,04/05/2023,20566,Kimberly Hanson,KF132,6400,"0,1",3
TRX3316554,26/08/2021,37946,Gregory Warner,KF132,6400,"0,07",3
TRX9794566,17/11/2022,95697,Matthew Herrera,KF132,6400,"0,11",3
TRX7107277,24/08/2023,59024,Savannah Newton,KF132,6400,"0,04",3
TRX3488682,24/01/2021,62661,Joshua Miller,KF132,6400,"0,05",3
TRX8626747,09/04/2023,83357,Monica Lam,KF132,6400,"0,13",3
TRX8464681,19/02/2021,24143,Charles Barron,KF132,6400,"0,13",3
TRX3521602,04/07/2023,42584,Colin Johnson,KF132,6400,0,3
TRX7292857,25/10/2023,31876,Tiffany Adams,KF132,6400,"0,14",3
TRX9885543,02/01/2022,65315,Charles Smith,KF132,6400,"0,11",3
TRX3065613,20/01/2023,78489,Brandon Alvarez,KF132,6400,"0,04",3
TRX9347170,27/09/2022,63732,Timothy Wilkerson,KF132,6400,"0,1",3
TRX1982412,07/11/2022,40625,Richard Moody,KF132,6400,"0,03",3
TRX4025875,10/09/2021,90029,John Perez,KF132,6400,"0,08",3
TRX4325497,11/02/2021,40682,Cynthia Brown,KF132,6400,"0,02",3
TRX1603427,22/01/2020,55156,Cynthia Arnold,KF132,6400,"0,14",3
TRX1099607,26/02/2021,68853,Wayne Beck,KF132,6400,"0,03",3
TRX4234482,21/12/2020,38373,Jamie Walker,KF132,6400,"0,12",3
TRX5314910,27/09/2023,18533,Richard Cowan,KF132,6400,"0,06",3
TRX3176988,19/03/2022,11960,Ryan Patterson,KF132,6400,"0,14",3
TRX8559020,28/09/2022,75720,Molly Flores MD,KF132,6400,"0,14",3
TRX3331489,12/01/2021,69800,Danny Miller,KF132,6400,"0,1",3
TRX7421909,04/08/2022,92936,Sherri Henry,KF132,6400,"0,13",3
TRX5247715,19/12/2021,40347,Allison Solomon,KF132,6400,"0,1",3
TRX8481450,27/02/2022,22132,Kelly Wilson,KF132,6400,"0,11",3
TRX7361496,17/12/2020,33502,Michael Strickland,KF132,6400,"0,06",3
TRX5342806,29/09/2021,61626,Michael Hines,KF132,6400,"0,12",3
TRX9652885,31/01/2020,66025,Alexandra Morris,KF132,6400,"0,09",3
TRX9105002,05/10/2022,27470,Andrew Mercer,KF132,6400,"0,14",3
TRX1045474,03/11/2023,68313,Tracy Bryant,KF132,6400,"0,05",3
TRX3860019,08/05/2023,88478,Stacy Gonzalez,KF132,6400,"0,14",3
TRX7020682,25/12/2023,72786,Eric Jackson,KF132,6400,"0,03",3
TRX3945848,25/08/2020,14497,Justin Green,KF132,6400,"0,08",3
TRX5598940,11/01/2021,92127,Jessica Owens,KF132,6400,"0,14",3
TRX1736349,15/07/2022,33317,Amy Calderon,KF134,832800,"0,03",3
TRX9838107,18/05/2022,85280,Mitchell Brown,KF134,832800,"0,04",3
TRX6884832,17/11/2021,95669,Debra Mcguire,KF134,832800,"0,02",3
TRX5958779,25/09/2023,38307,Stephen Smith,KF134,832800,"0,02",3
TRX4751265,08/06/2023,64436,Regina Snow,KF134,832800,"0,1",3
TRX6310594,31/10/2021,30408,Robert Diaz,KF134,832800,"0,01",3
TRX5114546,31/07/2023,85753,Jessica Forbes,KF134,832800,"0,04",3
TRX4183922,21/11/2020,37946,James Moore,KF134,832800,"0,07",3
TRX6136258,19/12/2023,14469,Raymond Conway,KF134,832800,"0,01",3
TRX8241290,06/08/2021,11960,Sarah Nelson,KF134,832800,"0,03",3
TRX4397172,06/10/2020,80748,Thomas Ferrell,KF134,832800,"0,01",3
TRX2620939,23/09/2021,48161,Megan Perkins,KF134,832800,"0,03",3
TRX2787385,08/08/2021,66939,Melissa Burke,KF134,832800,"0,09",3
TRX5329859,14/11/2022,18465,Robert Lin,KF134,832800,"0,04",3
TRX6222199,06/08/2020,83975,Suzanne Dunn,KF134,832800,"0,04",3
TRX4054189,11/08/2020,83939,Jeff Lee,KF134,832800,"0,01",3
TRX9089450,25/11/2023,13531,Shannon Thomas,KF134,832800,"0,1",3
TRX9555369,04/06/2023,73954,Katie Davis,KF134,832800,"0,07",3
TRX8992450,05/06/2023,66565,Jason Johnson,KF134,832800,"0,05",3
TRX4537568,11/11/2022,20598,Devon Chapman,KF134,832800,"0,1",3
TRX1877786,14/05/2023,11999,Jill Brown,KF134,832800,"0,14",3
TRX6941122,29/05/2021,76512,Rick Valenzuela,KF134,832800,0,3
TRX3850474,08/11/2021,85216,Diana Hart,KF134,832800,"0,03",3
TRX5670926,16/10/2022,33069,Dr. Megan Burke,KF134,832800,"0,02",3
TRX6287027,08/01/2020,34888,Nicholas Gardner,KF134,832800,"0,04",3
TRX9330215,21/01/2023,29922,Sandra Chapman,KF134,832800,"0,08",3
TRX9378760,29/11/2020,29810,Susan Parker,KF134,832800,"0,06",3
TRX2653076,30/09/2020,40552,Samantha Maldonado,KF134,832800,"0,03",3
TRX7562336,05/07/2022,47413,Daniel Shelton,KF134,832800,"0,11",3
TRX2453856,25/09/2023,78882,Chad Lopez,KF134,832800,"0,1",3
TRX6632654,14/09/2023,40462,Melissa Cortez,KF134,832800,"0,03",3
TRX8431557,22/12/2023,82749,Elizabeth Hernandez,KF134,832800,"0,1",3
TRX8175529,14/10/2023,71378,Madison Tucker,KF134,832800,"0,1",3
TRX4804979,17/01/2023,11640,Gary Paul,KF134,832800,"0,11",3
TRX1831640,28/03/2022,59571,Robert Carter,KF134,832800,"0,03",3
TRX8861702,08/12/2021,98345,Brandon Powell,KF134,832800,"0,1",3
TRX6146879,18/09/2023,33961,Sandra Beck,KF134,832800,"0,13",3
TRX9325943,14/04/2020,82583,Kimberly Friedman,KF134,832800,"0,04",3
TRX9981258,31/10/2020,99977,Patrick Huff,KF134,832800,"0,06",3
TRX9486486,28/06/2021,24713,Michael Hunter,KF134,832800,"0,03",3
TRX3327145,15/03/2020,50270,Steve Schultz,KF134,832800,"0,14",3
TRX2240940,09/10/2020,58133,Amanda Nguyen,KF134,832800,"0,06",3
TRX4429986,10/02/2020,27583,Anna Huynh,KF134,832800,"0,13",3
TRX9055191,04/09/2021,95971,Leah Cunningham,KF134,832800,"0,02",3
TRX1018645,22/10/2023,15815,Brian Dixon,KF134,832800,"0,04",3
TRX9239101,24/10/2021,49403,Denise Bright,KF134,832800,"0,07",3
TRX5101741,02/03/2023,61081,Marvin Anderson,KF134,832800,"0,13",3
TRX5954134,21/04/2022,79919,Devin Davis,KF134,832800,"0,06",3
TRX3874144,30/03/2020,49758,Brian Hardy,KF134,832800,"0,06",3
TRX5843773,19/09/2021,48388,Tom Ballard,KF134,832800,"0,1",3
TRX2579996,05/09/2022,22874,Tracy Horton,KF134,832800,"0,14",3
TRX4703711,29/03/2023,87381,Sarah Pratt,KF134,832800,"0,14",3
TRX2926014,14/06/2023,17543,Jesse Chavez,KF134,832800,"0,04",3
TRX4978698,19/09/2023,98300,Caroline Walker,KF134,832800,"0,01",3
TRX5307715,04/03/2020,34829,Bradley Owens,KF134,832800,"0,15",3
TRX9381258,10/03/2020,12057,Deanna Matthews,KF134,832800,"0,12",3
TRX3382795,21/09/2023,50787,Teresa Ali,KF134,832800,"0,04",3
TRX2250272,10/03/2020,44522,Jason Harris,KF134,832800,"0,15",3
TRX8858212,28/04/2020,59416,Katherine Harris,KF134,832800,"0,1",3
TRX5055555,24/10/2020,12558,Kari Simpson,KF134,832800,"0,11",3
TRX2091286,29/07/2021,18508,Jennifer Graves,KF134,832800,"0,09",3
TRX1618741,19/02/2022,46335,Ashley Wood,KF134,832800,"0,03",3
TRX9279297,05/06/2020,41701,Leslie Gonzalez,KF134,832800,"0,1",3
TRX9995612,04/01/2023,81121,Jasmine Patrick,KF134,832800,"0,13",3
TRX2042089,15/05/2023,34854,Catherine Jordan,KF134,832800,"0,1",3
TRX4870404,07/09/2021,23824,Anita Vincent,KF134,832800,"0,01",3
TRX6660622,23/05/2020,28923,Ryan Heath,KF134,832800,"0,09",3
TRX1857452,18/08/2023,48130,Sharon Brown,KF134,832800,"0,14",3
TRX3781161,05/03/2021,17476,Richard Rodriguez,KF134,832800,"0,14",3
TRX5057624,20/07/2020,26358,Kayla Nguyen,KF134,832800,"0,06",3
TRX7835041,08/02/2020,65740,Benjamin Robinson,KF134,832800,"0,11",3
TRX6972860,09/11/2022,82202,Ashley Brown,KF134,832800,"0,14",3
TRX4549241,28/05/2023,25923,Sean Le,KF134,832800,"0,01",3
TRX9961107,28/02/2021,86758,Catherine Hansen,KF134,832800,"0,1",3
TRX3561700,25/09/2021,31576,Darin Barber,KF134,832800,"0,04",3
TRX6364916,28/11/2022,20102,Amanda Wilson,KF134,832800,"0,08",3
TRX4112213,16/07/2023,14433,Omar Clark,KF134,832800,"0,01",3
TRX3126072,05/05/2021,54304,Benjamin Moyer,KF134,832800,"0,09",3
TRX1004718,27/09/2020,17863,Marie Flores,KF134,832800,"0,13",3
TRX6244626,12/01/2020,28795,Natalie Gray,KF134,832800,"0,13",3
TRX1014262,12/06/2020,23248,Morgan Davis,KF134,832800,"0,05",3
TRX1696256,07/11/2022,28211,Justin Jones,KF134,832800,"0,08",3
TRX7021196,03/04/2020,17125,Michelle Williams,KF134,832800,"0,09",3
TRX8591472,06/09/2023,15545,Bradley Arias,KF134,832800,"0,14",3
TRX6083853,01/06/2022,68465,Cheryl Anderson,KF134,832800,"0,12",3
TRX3003659,29/07/2021,55386,Cynthia Villanueva,KF134,832800,"0,1",3
TRX1974295,07/05/2022,40282,Jared Hines,KF134,832800,"0,04",3
TRX3376957,12/04/2023,26394,James Rose,KF134,832800,"0,03",3
TRX2193603,15/05/2020,87344,Shannon Trujillo,KF134,832800,"0,13",3
TRX2383130,10/10/2020,62913,Julie Gonzales,KF134,832800,"0,01",3
TRX4477707,18/06/2023,76953,Mrs. Patricia Garcia MD,KF134,832800,"0,07",3
TRX3899679,07/11/2022,60036,Felicia Hayes,KF134,832800,"0,07",3
TRX6644510,29/07/2021,55402,Lori Combs,KF134,832800,"0,09",3
TRX5199613,06/04/2021,58802,Michael Lewis,KF134,832800,"0,03",3
TRX2234931,06/08/2021,85807,Jamie Turner,KF134,832800,"0,05",3
TRX4834876,19/03/2022,14957,Rebecca Poole,KF134,832800,"0,06",3
TRX3242660,21/01/2022,92475,Bobby Horn,KF134,832800,"0,15",3
TRX8276790,23/06/2021,21909,Bradley Obrien,KF141,221100,"0,14",3
TRX5027118,22/09/2023,55077,Michael Neal,KF141,221100,"0,11",3
TRX7333612,25/01/2020,98041,Ryan Harris,KF141,221100,"0,09",3
TRX4108872,19/09/2021,97234,Christopher Henry,KF141,221100,"0,03",3
TRX3203581,06/10/2023,67306,Michelle Perez,KF141,221100,"0,06",3
TRX6057326,25/08/2021,12069,Christina Goodman,KF141,221100,"0,11",3
TRX7421331,10/10/2020,93257,Mary Johnson,KF141,221100,"0,06",3
TRX4057782,19/07/2021,69213,Lori Hall,KF141,221100,"0,13",3
TRX2456229,08/03/2022,64264,Cameron Vazquez,KF141,221100,"0,06",3
TRX6787924,04/02/2021,96803,Samantha Gomez,KF141,221100,"0,14",3
TRX9152257,31/05/2021,89265,Melissa Guzman,KF141,221100,"0,14",3
TRX6523818,05/09/2020,39130,Megan Davidson,KF141,221100,"0,11",3
TRX5063261,28/09/2021,24592,Joshua Hernandez,KF141,221100,"0,06",3
TRX1662627,30/11/2021,38172,Carol Robinson,KF141,221100,0,3
TRX6955719,25/04/2020,25432,Anne Wilkinson,KF141,221100,"0,05",3
TRX4858051,29/10/2020,37158,Lauren Mcconnell,KF141,221100,"0,05",3
TRX2885289,12/01/2021,62295,Yvonne Marshall,KF141,221100,"0,1",3
TRX7369657,30/07/2023,21155,Dominique Moore,KF141,221100,"0,01",3
TRX1079654,14/09/2022,31016,Emily Richardson,KF141,221100,"0,1",3
TRX7580867,04/06/2022,85042,Anthony Vasquez,KF141,221100,"0,13",3
TRX5792870,09/09/2023,68218,Marissa Hall,KF141,221100,"0,09",3
TRX4180315,30/12/2022,33932,Javier Scott,KF141,221100,"0,01",3
TRX1287870,24/01/2021,47384,Mary Dean,KF141,221100,"0,14",3
TRX3551847,21/04/2022,20102,Sonia Martinez,KF141,221100,"0,02",3
TRX9974762,15/06/2020,33414,Dustin Hutchinson,KF141,221100,"0,03",3
TRX3099369,15/12/2022,77855,Vincent Kim,KF141,221100,"0,14",3
TRX7611462,29/12/2022,57489,Kimberly Hale,KF141,221100,"0,13",3
TRX1636354,26/08/2021,85807,Timothy Johnston,KF141,221100,"0,07",3
TRX3032524,18/02/2021,28123,Christy Mccoy,KF141,221100,"0,07",3
TRX7867405,07/11/2021,53629,Joyce Bates,KF141,221100,"0,13",3
TRX6891104,01/05/2022,52356,James Smith,KF141,221100,"0,09",3
TRX9224864,08/07/2023,31604,Kaitlin Williams,KF141,221100,"0,15",3
TRX6820534,06/08/2022,73969,Christopher Lawrence,KF141,221100,"0,12",3
TRX6316540,05/11/2022,59448,Craig Cook,KF141,221100,"0,03",3
TRX7861750,28/04/2023,63732,Ashley Vaughn,KF141,221100,"0,11",3
TRX7267422,16/04/2020,15418,Patrick Willis,KF141,221100,"0,02",3
TRX5026210,07/11/2020,47349,Jacqueline Williams,KF141,221100,"0,08",3
TRX3969326,15/09/2021,79358,Joshua Smith,KF141,221100,"0,15",3
TRX2648948,05/04/2022,12369,Nicholas Thomas,KF141,221100,"0,01",3
TRX5469798,16/11/2023,41125,Sarah Jones,KF141,221100,"0,05",3
TRX2025399,09/05/2020,40462,Michael Gray,KF141,221100,"0,02",3
TRX2887831,29/06/2021,99554,Brittany Guzman,KF141,221100,"0,03",3
TRX6175329,16/09/2023,40282,Timothy Zimmerman,KF141,221100,"0,04",3
TRX1424065,28/02/2022,45642,Jeremy Kelley,KF141,221100,"0,06",3
TRX5932617,16/11/2021,81451,William West,KF141,221100,"0,07",3
TRX3210740,08/10/2021,66717,Richard Dunn,KF141,221100,"0,03",3
TRX7254450,25/05/2021,79232,Amanda Anderson,KF141,221100,"0,15",3
TRX2639088,10/08/2022,31706,Anthony Wolfe,KF141,221100,"0,1",3
TRX8623973,05/01/2022,31233,Sharon Patterson,KF141,221100,"0,14",3
TRX7746763,26/01/2023,88832,Savannah Keller,KF141,221100,"0,02",3
TRX9317643,04/03/2020,76684,Michael Sawyer,KF141,221100,"0,03",3
TRX1338931,30/10/2020,67593,Daniel Wagner,KF141,221100,"0,03",3
TRX5039444,07/06/2021,53822,Daniel Jones,KF141,221100,0,3
TRX4187613,02/03/2020,68313,Timothy Rogers,KF141,221100,"0,03",3
TRX1242327,03/09/2020,12174,Kylie Morris,KF141,221100,"0,03",3
TRX1424754,02/07/2020,53635,Angela Wiley,KF141,221100,"0,01",3
TRX8093685,19/05/2021,85549,Daniel Martin,KF141,221100,"0,1",3
TRX8575690,15/12/2020,84188,Eric Estrada,KF141,221100,"0,05",3
TRX3292024,19/05/2022,80802,Wayne Bolton,KF141,221100,"0,05",3
TRX6262874,14/04/2021,66113,Michael Floyd,KF141,221100,"0,13",3
TRX4424021,06/06/2023,24963,Douglas Harper,KF141,221100,"0,1",3
TRX2014690,23/05/2023,28795,Lauren Harris,KF141,221100,"0,12",3
TRX3727750,13/09/2021,20382,Cody Sanchez,KF141,221100,"0,07",3
TRX1220071,18/01/2021,41131,Amanda Campbell,KF141,221100,"0,12",3
TRX3799262,03/01/2020,63732,Charles Morrison,KF141,221100,"0,11",3
TRX7161548,08/06/2021,69958,Christina Morton,KF141,221100,"0,13",3
TRX1794690,07/10/2022,39499,Carl Spears,KF141,221100,"0,11",3
TRX7537003,29/06/2021,15273,Jorge Peters MD,KF141,221100,"0,05",3
TRX9021414,05/12/2023,28380,Tyler Freeman,KF141,221100,"0,06",3
TRX9015400,12/06/2022,46746,Jacqueline Barnett,KF141,221100,"0,02",3
TRX4153278,30/06/2021,15418,Joseph Hicks,KF141,221100,"0,06",3
TRX2395826,21/07/2020,28380,Ashley Howard,KF141,221100,"0,03",3
TRX2161529,01/04/2023,82636,Alexander Davis,KF141,221100,"0,09",3
TRX7339850,12/01/2020,78847,Amanda Clark,KF141,221100,"0,04",3
TRX2225688,10/03/2023,49606,Doris White,KF141,221100,"0,08",3
TRX4299302,08/08/2021,33502,Michael Phillips,KF141,221100,"0,14",3
TRX6753094,31/10/2021,53199,Maria Valenzuela,KF141,221100,"0,08",3
TRX8696145,25/07/2023,86997,Amanda Smith,KF141,221100,"0,04",3
TRX9488911,31/01/2023,20735,Jessica Morales,KF141,221100,"0,14",3
TRX2094251,09/01/2020,64359,Paul Robinson,KF141,221100,"0,04",3
TRX9857711,19/02/2022,45266,Deborah Holland,KF141,221100,"0,12",3
TRX8554205,04/01/2021,76351,Dr. Cory Phillips,KF141,221100,"0,05",3
TRX7072610,30/08/2020,25090,Taylor Rice,KF141,221100,"0,06",3
TRX4731376,21/06/2022,23248,Alex White,KF141,221100,"0,08",3
TRX2228843,30/10/2022,25962,Mandy Ward,KF141,221100,"0,12",3
TRX4077798,07/03/2020,30282,Eric Silva,KF141,221100,"0,01",3
TRX7607178,06/02/2020,58202,Dawn Peterson,KF141,221100,"0,06",3
TRX2451375,06/06/2021,60078,Alexis Foster,KF141,221100,"0,09",3
TRX9895400,11/06/2023,66611,Dr. Anita Allen,KF141,221100,0,3
TRX7517253,25/07/2023,76470,Darren Young DDS,KF141,221100,0,3
TRX9413434,03/06/2020,31233,George Wilson,KF141,221100,"0,07",3
TRX7774977,18/08/2023,31305,Jessica Rodriguez,KF141,221100,"0,04",3
TRX4117588,21/11/2020,24223,Alexa Williams,KF141,221100,"0,05",3
TRX3370593,23/12/2020,28053,Peter Drake,KF141,221100,"0,14",3
TRX1431667,02/04/2021,23824,Antonio Jones,KF141,221100,"0,04",3
TRX9797653,18/12/2020,80525,Jamie Hoffman,KF141,221100,"0,07",3
TRX1450790,06/06/2022,43283,Karen Lyons,KF141,221100,"0,11",3
TRX1298250,03/12/2020,48243,Brian Ochoa,KF141,221100,"0,1",3
TRX7512941,18/10/2021,90145,Donald Mosley,KF141,221100,"0,07",3
TRX2419848,23/04/2023,74277,Erica Wright,KF141,221100,"0,11",3
TRX6641837,17/10/2022,38599,Michael Sparks,KF141,221100,"0,12",3
TRX5782722,04/11/2020,55402,Shawn Brown,KF141,221100,"0,08",3
TRX2027171,05/03/2022,21578,Ms. Lauren Elliott,KF141,221100,"0,06",3
TRX8981153,04/06/2022,51160,Megan Shepard,KF141,221100,"0,06",3
TRX5275608,29/04/2023,67303,Kevin Burton,KF141,221100,"0,07",3
TRX5045236,06/01/2023,87218,Jason Manning,KF141,221100,"0,01",3
TRX2884219,18/12/2022,67807,Debbie Davis,KF141,221100,"0,12",3
TRX1055349,16/04/2020,40699,Frank Ray,KF141,221100,"0,02",3
TRX1314688,15/05/2020,45521,William Fitzgerald,KF141,221100,"0,07",3
TRX5535908,23/04/2021,31494,Dale Miller,KF141,221100,"0,1",3
TRX6869209,19/02/2021,82095,Lucas Elliott,KF141,221100,"0,12",3
TRX4316926,01/10/2023,67153,William Cabrera,KF141,221100,"0,09",3
TRX4576978,02/12/2020,68330,Samuel Kelly,KF141,221100,"0,13",3
TRX7023850,24/03/2023,91061,Alan George,KF141,221100,"0,08",3
TRX1906125,17/06/2020,49864,Todd Calderon,KF141,221100,"0,03",3
TRX1571798,06/11/2021,44780,Monica Smith,KF141,221100,"0,12",3
TRX6174451,20/01/2020,69482,Kimberly Howard,KF141,221100,"0,1",3
TRX3196269,21/11/2021,21171,David Jordan,KF141,221100,"0,09",3
TRX7275617,06/01/2021,96500,Katherine Gaines,KF141,221100,"0,08",3
TRX3090551,08/06/2020,30563,James Cline,KF141,221100,"0,13",3
TRX9653385,29/08/2020,29281,Angela Ho,KF141,221100,"0,07",3
TRX2590755,16/02/2022,35746,Rebecca Gonzales,KF141,221100,"0,04",3
TRX4279677,23/08/2021,61961,Linda Martinez,KF141,221100,0,3
TRX7879114,13/10/2022,85981,Brenda Simpson,KF141,221100,"0,14",3
TRX9522867,28/05/2023,76512,Danielle Clark,KF147,684900,"0,1",3
TRX1594078,23/06/2020,56379,Randall Terry,KF147,684900,"0,08",3
TRX4409654,16/12/2021,29294,Sarah Johnson,KF147,684900,"0,13",3
TRX1995220,01/07/2023,24223,Nathan Colon,KF147,684900,"0,1",3
TRX4342094,09/12/2021,75568,Richard Gonzalez,KF147,684900,"0,06",3
TRX3362697,19/10/2022,21204,Edwin Garcia,KF147,684900,"0,01",3
TRX6637569,31/05/2022,95634,April Martin,KF147,684900,"0,06",3
TRX2544872,25/02/2020,18235,Samantha Baker,KF147,684900,"0,11",3
TRX2697995,26/10/2021,76725,Clinton Williams,KF147,684900,"0,04",3
TRX1682293,28/05/2023,42965,Rachel Larson,KF147,684900,"0,1",3
TRX5381323,20/06/2021,89156,Dylan Morales,KF147,684900,"0,09",3
TRX6355348,25/12/2020,97894,Mrs. Molly Smith,KF147,684900,"0,09",3
TRX6559552,24/04/2023,78847,Michael Michael,KF147,684900,"0,01",3
TRX4296304,11/02/2020,88782,Henry Bates,KF147,684900,"0,05",3
TRX9691846,20/03/2023,47901,John Ayala,KF147,684900,"0,04",3
TRX1153050,06/07/2020,89771,Julie Rodriguez DDS,KF147,684900,"0,14",3
TRX8760520,03/12/2021,53383,David Summers,KF147,684900,"0,04",3
TRX2412965,24/05/2021,37599,Robert Hansen,KF147,684900,"0,12",3
TRX1084145,13/12/2023,24559,Cheryl Flores,KF147,684900,"0,01",3
TRX3901824,07/08/2021,13792,Peggy Fowler,KF147,684900,"0,03",3
TRX5216339,03/06/2021,72718,Jeffrey Lewis,KF147,684900,"0,11",3
TRX9622982,08/06/2021,47413,Ronald Johnson,KF147,684900,"0,06",3
TRX5061094,12/05/2021,24277,Russell Adams,KF147,684900,"0,03",3
TRX4641930,26/05/2020,50164,Mary Hunt,KF147,684900,"0,05",3
TRX7733068,08/03/2021,66717,Robert Bennett,KF147,684900,"0,09",3
TRX8988189,13/11/2020,63942,Alicia Thompson,KF147,684900,"0,12",3
TRX8826144,03/02/2020,35596,Lisa Chandler,KF147,684900,0,3
TRX5706463,07/10/2023,12369,Aaron Martin,KF147,684900,"0,12",3
TRX1682644,11/11/2021,27405,Amanda Harmon,KF147,684900,"0,06",3
TRX1484886,06/07/2022,14338,Debra Townsend,KF147,684900,"0,01",3
TRX5667468,28/04/2023,28923,Joshua Terrell,KF147,684900,"0,05",3
TRX5205238,29/07/2022,28422,Shannon Ramos,KF147,684900,"0,02",3
TRX6804230,04/01/2022,65622,Jennifer Donovan,KF147,684900,"0,1",3
TRX5870658,19/02/2020,71419,Hannah Glass,KF147,684900,"0,05",3
TRX6378086,14/02/2022,22360,Elizabeth Becker,KF147,684900,"0,03",3
TRX7899288,20/06/2021,34034,Natalie Hancock,KF147,684900,"0,08",3
TRX7849196,22/07/2021,22086,Michele Mccall,KF147,684900,"0,09",3
TRX1275846,20/02/2023,57196,Tina Pittman,KF147,684900,"0,05",3
TRX8927141,13/10/2020,29729,Jennifer Carter,KF147,684900,"0,05",3
TRX4846283,07/02/2021,19046,Katherine Adams DDS,KF147,684900,"0,1",3